Date,Open,High,Low,Close,Volume,Dividends,Stock Splits,Capital Gains
2025-02-07 00:00:00-05:00,36.69689095762724,37.09983545457336,36.409072936979335,37.06146240234375,24500,0.0,0.0,0.0
2025-02-10 00:00:00-05:00,36.15962261562637,36.15962261562637,35.34413773454452,35.4880485534668,15200,0.0,0.0,0.0
2025-02-11 00:00:00-05:00,35.209825934604915,35.52642463959576,34.43271403358371,34.941192626953125,33100,0.0,0.0,0.0
2025-02-12 00:00:00-05:00,35.41129602569177,36.67769808856039,35.01794392525233,36.600948333740234,34300,0.0,0.0,0.0
2025-02-13 00:00:00-05:00,36.73526724054855,37.13821173278779,35.929374596265426,36.01572036743164,30400,0.0,0.0,0.0
2025-02-14 00:00:00-05:00,35.85262146956309,35.85262146956309,34.81647586680514,35.756683349609375,16400,0.0,0.0,0.0
2025-02-18 00:00:00-05:00,35.545615770945204,35.79506074326328,34.35596695772052,34.82606887817383,18500,0.0,0.0,0.0
2025-02-19 00:00:00-05:00,34.212052822676746,34.423121062047336,33.62682082064332,34.39433670043945,19400,0.0,0.0,0.0
2025-02-20 00:00:00-05:00,34.52865072720423,34.68215388336007,33.57884743237476,33.761131286621094,28700,0.0,0.0,0.0
2025-02-21 00:00:00-05:00,34.25043095487967,35.11388498310413,34.058551062006046,35.07551193237305,30200,0.0,0.0,0.0
2025-02-24 00:00:00-05:00,35.104293493056765,35.38251916153102,34.758910409406596,35.03713607788086,22500,0.0,0.0,0.0
2025-02-25 00:00:00-05:00,35.123483427538545,36.68729972222136,34.82606938995936,36.11166000366211,28600,0.0,0.0,0.0
2025-02-26 00:00:00-05:00,36.15003168280825,36.869578485953625,35.91018274842646,36.49541473388672,39900,0.0,0.0,0.0
2025-02-27 00:00:00-05:00,36.01571595060129,36.38028368654531,35.29616916572686,36.20759582519531,27700,0.0,0.0,0.0
2025-02-28 00:00:00-05:00,36.303539507128235,36.74486072459799,35.027541255977475,35.06591796875,23400,0.0,0.0,0.0
2025-03-03 00:00:00-05:00,34.73012568037462,38.107199042711805,34.52865345819816,37.51237106323242,134000,0.0,0.0,0.0
2025-03-04 00:00:00-05:00,38.442987151374346,39.52710536633416,37.109427653404715,38.21273422241211,81300,0.0,0.0,0.0
2025-03-05 00:00:00-05:00,39.31604036962849,40.73594574785143,39.076191413986685,39.38319778442383,31200,0.0,0.0,0.0
2025-03-06 00:00:00-05:00,39.882082267213185,40.352187809555026,38.97065554458601,39.13375473022461,19900,0.0,0.0,0.0
2025-03-07 00:00:00-05:00,38.41420681826272,38.74040152058819,37.493187773980566,37.86735153198242,18300,0.0,0.0,0.0
2025-03-10 00:00:00-04:00,37.88653787000845,38.00166432946596,36.46662901088123,37.291709899902344,18200,0.0,0.0,0.0
2025-03-11 00:00:00-04:00,37.262935681387546,38.27989661959429,36.85039516512098,37.91532516479492,19300,0.0,0.0,0.0
2025-03-12 00:00:00-04:00,37.88654059334565,38.08801282682943,36.95592552467618,37.58912658691406,16300,0.0,0.0,0.0
2025-03-13 00:00:00-04:00,37.924915120703886,38.586900570526765,36.86958119578115,38.09760665893555,57300,0.0,0.0,0.0
2025-03-14 00:00:00-04:00,37.94409858120006,38.1071977506253,35.8142426507716,35.91977310180664,26700,0.0,0.0,0.0
2025-03-17 00:00:00-04:00,35.79506040532744,35.79506040532744,34.490281466518134,34.7589111328125,39600,0.0,0.0,0.0
2025-03-18 00:00:00-04:00,34.44230829238809,35.209824147134,34.3559625299914,34.691749572753906,28200,0.0,0.0,0.0
2025-03-19 00:00:00-04:00,34.75891274521084,34.75891274521084,33.2814421924454,33.55007553100586,36000,0.0,0.0,0.0
2025-03-20 00:00:00-04:00,34.010579640259834,34.20245951979925,33.166310366168986,33.36778259277344,28500,0.0,0.0,0.0
2025-03-21 00:00:00-04:00,33.463729445158755,34.25043377693684,33.463729445158755,33.809112548828125,24800,0.0,0.0,0.0
2025-03-24 00:00:00-04:00,33.70357322969015,33.70357322969015,32.68661243202279,33.041587829589844,39800,0.0,0.0,0.0
2025-03-25 00:00:00-04:00,32.67702126765984,32.9936199688934,32.274073140866456,32.83052444458008,33900,0.0,0.0,0.0
2025-03-26 00:00:00-04:00,32.372611003664865,32.58514500231855,31.74467533934601,32.48854064941406,36000,0.236,0.0,0.0
2025-03-27 00:00:00-04:00,32.60446887726577,33.338671591968094,32.53684508848608,33.04885482788086,27800,0.0,0.0,0.0
2025-03-28 00:00:00-04:00,33.174439538862764,33.73475139211882,32.91360337631921,33.47391891479492,45900,0.0,0.0,0.0
2025-03-31 00:00:00-04:00,33.79271945503018,33.79271945503018,32.34363198087681,32.720394134521484,18800,0.0,0.0,0.0
2025-04-01 00:00:00-04:00,33.04885352737769,33.3773134964767,32.29532923335875,32.38227462768555,12700,0.0,0.0,0.0
2025-04-02 00:00:00-04:00,32.80733962919666,32.98123042143643,32.22770611187744,32.304988861083984,22900,0.0,0.0,0.0
2025-04-03 00:00:00-04:00,34.642850690408416,37.35747211277044,34.642850690408416,37.28984832763672,74800,0.0,0.0,0.0
2025-04-04 00:00:00-04:00,39.685678367152185,44.197169045028694,39.30891251905229,43.926673889160156,124600,0.0,0.0,0.0
2025-04-07 00:00:00-04:00,46.612308882716874,48.31256971994732,41.366612479440185,44.931365966796875,169500,0.0,0.0,0.0
2025-04-08 00:00:00-04:00,41.96556816913107,48.3801979095632,41.80134003899675,46.90212631225586,64100,0.0,0.0,0.0
2025-04-09 00:00:00-04:00,48.85356306714659,49.34625481476518,38.7679167470211,39.67601013183594,180900,0.0,0.0,0.0
2025-04-10 00:00:00-04:00,41.74337548183317,46.341814747674256,41.74337548183317,44.83476257324219,67800,0.0,0.0,0.0
2025-04-11 00:00:00-04:00,44.62222871825147,46.264528461062504,42.18776151453506,42.786720275878906,40300,0.0,0.0,0.0
2025-04-14 00:00:00-04:00,40.91256742888138,43.105520206638836,40.91256742888138,42.50656509399414,25500,0.0,0.0,0.0
2025-04-15 00:00:00-04:00,42.448599292597294,42.661133292446635,41.14442209495053,42.612831115722656,23500,0.0,0.0,0.0
2025-04-16 00:00:00-04:00,42.31334910037168,42.35199231344304,40.555123443040934,42.08149719238281,35600,0.0,0.0,0.0
2025-04-17 00:00:00-04:00,41.279670137458815,41.279670137458815,38.95146981454135,40.130062103271484,42700,0.0,0.0,0.0
2025-04-21 00:00:00-04:00,41.1830649203213,43.07653823763681,41.1830649203213,42.2457275390625,26000,0.0,0.0,0.0
2025-04-22 00:00:00-04:00,41.48254166515148,41.48254166515148,39.56008773088341,40.110740661621094,41400,0.0,0.0,0.0
2025-04-23 00:00:00-04:00,39.49246282031979,40.671051395141326,38.64233051708243,40.236328125,50200,0.0,0.0,0.0
2025-04-24 00:00:00-04:00,39.637368938870154,40.110739104307605,38.81622089795881,39.048072814941406,39600,0.0,0.0,0.0
2025-04-25 00:00:00-04:00,39.81125855927504,40.00447094127761,39.14467971084681,39.17366027832031,38800,0.0,0.0,0.0
2025-04-28 00:00:00-04:00,39.270270334258115,39.328231472189984,38.468440197481954,38.55538558959961,28200,0.0,0.0,0.0
2025-04-29 00:00:00-04:00,39.1253563742816,39.56008329326196,38.64232728324109,38.95146560668945,20000,0.0,0.0,0.0
2025-04-30 00:00:00-04:00,40.14938744937266,41.87862914234014,40.13006583961847,40.94155502319336,70600,0.0,0.0,0.0
2025-05-01 00:00:00-04:00,41.44390072729001,41.5791482937259,39.67601234688428,40.66139221191406,58900,0.0,0.0,0.0
2025-05-02 00:00:00-04:00,39.6083874890225,40.99951001561639,39.45381831940095,39.55042266845703,45000,0.0,0.0,0.0
2025-05-05 00:00:00-04:00,40.82561728278714,41.38593279907738,40.50681999800301,40.98984909057617,67300,0.0,0.0,0.0
2025-05-06 00:00:00-04:00,40.61309421492149,41.18306879299101,40.313614797556085,41.028499603271484,23400,0.0,0.0,0.0
2025-05-07 00:00:00-04:00,40.84494333471595,41.540506483004066,40.6517346248314,40.9222297668457,25000,0.0,0.0,0.0
2025-05-08 00:00:00-04:00,40.14938566244198,40.16870727133623,38.93215009864508,39.92719268798828,42400,0.0,0.0,0.0
2025-05-09 00:00:00-04:00,39.1640051125969,39.704995412362955,38.7872429580541,39.183326721191406,28800,0.0,0.0,0.0
2025-05-12 00:00:00-04:00,36.59428620529642,37.57000338066275,35.97600953751344,37.1835823059082,78600,0.0,0.0,0.0
2025-05-13 00:00:00-04:00,36.88410079787884,36.88410079787884,35.62822592848009,36.17887878417969,42900,0.0,0.0,0.0
2025-05-14 00:00:00-04:00,36.449378468746715,36.80681900054961,36.31413089915751,36.50734329223633,23200,0.0,0.0,0.0
2025-05-15 00:00:00-04:00,37.57000451764571,37.656949907010144,36.22718414818803,36.23684310913086,24800,0.0,0.0,0.0
2025-05-16 00:00:00-04:00,36.410736398904284,37.02901681325728,36.246508255012074,36.38175582885742,20200,0.0,0.0,0.0
2025-05-19 00:00:00-04:00,37.02901897381266,37.82118653988792,37.02901897381266,37.35747528076172,31000,0.0,0.0,0.0
2025-05-20 00:00:00-04:00,37.3961118886851,38.10133392965148,37.34780971592129,38.07235336303711,17400,0.0,0.0,0.0
2025-05-21 00:00:00-04:00,38.400815934834014,39.434497980903785,38.400815934834014,39.42483901977539,12800,0.0,0.0,0.0
2025-05-22 00:00:00-04:00,39.94650460531946,40.74833467037739,39.415173338888785,39.74363327026367,19000,0.0,0.0,0.0
2025-05-23 00:00:00-04:00,40.44886016763015,40.44886016763015,39.453821293509655,39.64703369140625,19200,0.0,0.0,0.0
2025-05-27 00:00:00-04:00,38.89350077174581,39.637366013842914,38.883841811425896,38.96112823486328,23800,0.0,0.0,0.0
2025-05-28 00:00:00-04:00,38.96113034459616,40.120397277174895,38.41047376083564,39.94650650024414,24500,0.0,0.0,0.0
2025-05-29 00:00:00-04:00,39.86922493607795,40.19768489274067,39.38619580482217,39.42483901977539,17800,0.0,0.0,0.0
2025-05-30 00:00:00-04:00,40.033451080322266,40.690370960969005,39.80159917257614,40.033451080322266,21400,0.0,0.0,0.0
2025-06-02 00:00:00-04:00,38.66165137943346,39.956169574215,38.536062775811885,39.096378326416016,18400,0.0,0.0,0.0
2025-06-03 00:00:00-04:00,38.99010824651346,39.69533026686198,37.67626854851971,38.18827819824219,25400,0.0,0.0,0.0
2025-06-04 00:00:00-04:00,38.28488826475826,39.6083869934082,37.627968380781724,39.6083869934082,43100,0.0,0.0,0.0
2025-06-05 00:00:00-04:00,39.695334245285665,39.87888398890579,39.2219640740698,39.8209228515625,17900,0.0,0.0,0.0
2025-06-06 00:00:00-04:00,39.23162993820706,39.23162993820706,38.09168079750629,38.26557159423828,57600,0.0,0.0,0.0
2025-06-09 00:00:00-04:00,38.0916782870208,38.56504478064435,37.36713457679629,38.13032150268555,39600,0.0,0.0,0.0
2025-06-10 00:00:00-04:00,37.4347631474425,37.4347631474425,36.420402560491354,36.81648635864258,51500,0.0,0.0,0.0
2025-06-11 00:00:00-04:00,36.26583176236667,37.00003449535073,35.734500400773186,35.78280258178711,52200,0.0,0.0,0.0
2025-06-12 00:00:00-04:00,36.61361196517971,36.61361196517971,35.52196502685547,35.52196502685547,24200,0.0,0.0,0.0
2025-06-13 00:00:00-04:00,34.34336836564533,35.24180278888768,34.15015598807995,34.36268997192383,55900,0.0,0.0,0.0
2025-06-16 00:00:00-04:00,34.56556334952711,34.980968695976415,33.8120390863027,34.555904388427734,77300,0.0,0.0,0.0
2025-06-17 00:00:00-04:00,34.02457492838076,34.24676789791743,33.45460037688407,33.95695114135742,46300,0.0,0.0,0.0
2025-06-18 00:00:00-04:00,33.80238157371877,34.5172626527405,33.32901138472874,34.39167404174805,51600,0.0,0.0,0.0
2025-06-20 00:00:00-04:00,33.98592984796397,34.256424981225784,33.599505070258694,33.744415283203125,97200,0.0,0.0,0.0
2025-06-23 00:00:00-04:00,32.91360063789987,35.67652751657435,32.84597686270597,35.41569137573242,97700,0.0,0.0,0.0
2025-06-24 00:00:00-04:00,36.623270742647705,36.623270742647705,35.657212423205436,36.34311294555664,68500,0.0,0.0,0.0
2025-06-25 00:00:00-04:00,36.67956834443301,36.82542866046544,36.2614287614161,36.64067077636719,30100,0.246,0.0,0.0
2025-06-26 00:00:00-04:00,36.58232189642984,36.69901459256383,35.51266481486693,35.63908004760742,25800,0.0,0.0,0.0
2025-06-27 00:00:00-04:00,35.444597879936374,36.40728856440365,35.444597879936374,36.06694412231445,37200,0.0,0.0,0.0
2025-06-30 00:00:00-04:00,36.45590882471216,36.6212179063332,36.04749182454258,36.41701126098633,23400,0.0,0.0,0.0
2025-07-01 00:00:00-04:00,36.339221136903454,37.010191220391235,35.60018587173767,35.92108154296875,110800,0.0,0.0,0.0
2025-07-02 00:00:00-04:00,35.42514537560067,36.06694033433215,34.67638397216797,34.67638397216797,42100,0.0,0.0,0.0
2025-07-03 00:00:00-04:00,34.74445723454527,34.83197490856584,34.46245542831497,34.6180419921875,20600,0.0,0.0,0.0
2025-07-07 00:00:00-04:00,35.07508054943321,35.998877432273375,34.79307873192306,35.35708236694336,32200,0.0,0.0,0.0
2025-07-08 00:00:00-04:00,35.30845859467166,35.3765274801815,33.353898569386196,33.46086502075195,86700,0.0,0.0,0.0
2025-07-09 00:00:00-04:00,33.684522190600255,33.98597277725524,33.383075313421514,33.79148864746094,28100,0.0,0.0,0.0
2025-07-10 00:00:00-04:00,34.34576665148068,34.433284326058526,33.26638323484598,33.35390090942383,51700,0.0,0.0,0.0
2025-07-11 00:00:00-04:00,33.45114434324345,33.6067309058386,32.81907184612026,33.03300476074219,26100,0.0,0.0,0.0
2025-07-14 00:00:00-04:00,33.34417509332785,34.15127915998317,33.29555499211564,33.80120849609375,215700,0.0,0.0,0.0
2025-07-15 00:00:00-04:00,33.81093982983012,34.8028056236123,33.6456270094615,34.7930793762207,80800,0.0,0.0,0.0
2025-07-16 00:00:00-04:00,34.76390476598033,35.609906444708905,34.481902969912085,35.36680221557617,45400,0.0,0.0,0.0
2025-07-17 00:00:00-04:00,35.75576696423494,35.79466452736101,34.88059034127714,34.9583854675293,57200,0.0,0.0,0.0
2025-07-18 00:00:00-04:00,34.41383071591135,35.775215749664895,34.1318289474305,35.46404266357422,38200,0.0,0.0,0.0
2025-07-21 00:00:00-04:00,35.483493168303895,36.36839237037381,35.39597550174859,36.300323486328125,29600,0.0,0.0,0.0
2025-07-22 00:00:00-04:00,36.358669346596045,36.358669346596045,35.59045906202677,35.85301208496094,128700,0.0,0.0,0.0
2025-07-23 00:00:00-04:00,35.70715074766062,35.78494217289558,34.79307646218544,34.831974029541016,40100,0.0,0.0,0.0
2025-07-24 00:00:00-04:00,35.11397680120413,35.25983711861315,34.28742016464783,34.36521530151367,65300,0.0,0.0,0.0
2025-07-25 00:00:00-04:00,34.30686486313736,34.948659827941775,34.30686486313736,34.647212982177734,22300,0.0,0.0,0.0
2025-07-28 00:00:00-04:00,34.07349226137044,34.19018126165915,33.772041658691805,33.869285583496094,52700,0.0,0.0,0.0
2025-07-29 00:00:00-04:00,33.77203786321765,33.97624451814221,33.20803800064372,33.23720932006836,151000,0.0,0.0,0.0
2025-07-30 00:00:00-04:00,33.655352237034926,34.549974077174994,33.63590345231757,34.151283264160156,73300,0.0,0.0,0.0
2025-07-31 00:00:00-04:00,34.78335342951687,34.78335342951687,33.80121026990038,34.511077880859375,65900,0.0,0.0,0.0
2025-08-01 00:00:00-04:00,34.89031744761938,36.193356168685554,34.861142419817114,35.88218307495117,114700,0.0,0.0,0.0
2025-08-04 00:00:00-04:00,36.02804386991154,36.387837068947036,35.52238665829293,36.076663970947266,108900,0.0,0.0,0.0
2025-08-05 00:00:00-04:00,35.98914931774254,36.95184372052578,35.90163164476224,36.03777313232422,43300,0.0,0.0,0.0
2025-08-06 00:00:00-04:00,35.600184620545825,36.8157057905482,35.152873720259244,36.66984176635742,55600,0.0,0.0,0.0
2025-08-07 00:00:00-04:00,36.02804469741607,37.00046157836914,35.44459605263463,37.00046157836914,49700,0.0,0.0,0.0
2025-08-08 00:00:00-04:00,36.650395667253775,36.951846274907986,35.940531697109826,36.53370666503906,42400,0.0,0.0,0.0
2025-08-11 00:00:00-04:00,36.29060002373638,37.214396861678516,36.06694457193586,37.14632797241211,69900,0.0,0.0,0.0
2025-08-12 00:00:00-04:00,37.029633966017734,37.1171479179644,36.1447311063712,36.757354736328125,38900,0.0,0.0,0.0
2025-08-13 00:00:00-04:00,36.83515080141481,36.97128856499442,35.911354064941406,35.911354064941406,38800,0.0,0.0,0.0
2025-08-14 00:00:00-04:00,36.232254113795506,36.699017516568986,35.91135844754958,35.979427337646484,20900,0.0,0.0,0.0
2025-08-15 00:00:00-04:00,35.93080690087511,36.17391113740407,35.240391759407174,36.00859832763672,28600,0.0,0.0,0.0
2025-08-18 00:00:00-04:00,36.44618493916688,36.87404703943035,36.20308071435162,36.43646240234375,14000,0.0,0.0,0.0
2025-08-19 00:00:00-04:00,36.71846285914631,36.835155565428956,36.08639405942545,36.45591354370117,19600,0.0,0.0,0.0
2025-08-20 00:00:00-04:00,36.28087383314059,36.28087383314059,35.5904550537838,35.88218307495117,19500,0.0,0.0,0.0
2025-08-21 00:00:00-04:00,35.86273930995291,36.11556609292803,35.25983811070783,35.386253356933594,19400,0.0,0.0,0.0
2025-08-22 00:00:00-04:00,35.32790979624793,35.32790979624793,33.830386793554766,33.9859733581543,45400,0.0,0.0,0.0
2025-08-25 00:00:00-04:00,34.092936522318894,34.34576327430795,33.76231464080955,33.80120849609375,24200,0.0,0.0,0.0
2025-08-26 00:00:00-04:00,33.98597391721478,34.52080250998119,33.88872999431775,33.92762756347656,18800,0.0,0.0,0.0
2025-08-27 00:00:00-04:00,34.00542253007406,34.00542253007406,32.94548788744521,33.19831466674805,52900,0.0,0.0,0.0
2025-08-28 00:00:00-04:00,33.276104514527866,33.59700013376159,32.60513453976286,32.712100982666016,29900,0.0,0.0,0.0
2025-08-29 00:00:00-04:00,32.63430983885801,32.72182750110206,32.22589284522715,32.43009948730469,57100,0.0,0.0,0.0
2025-09-02 00:00:00-04:00,32.62458956799411,33.04272917423813,32.17727863881841,32.35231399536133,149000,0.0,0.0,0.0
2025-09-03 00:00:00-04:00,32.80934917074025,33.98597277725524,32.43010344837705,33.79148864746094,180300,0.0,0.0,0.0
2025-09-04 00:00:00-04:00,33.84010847469662,34.005421281981164,33.052453134237275,33.31500244140625,90100,0.0,0.0,0.0
2025-09-05 00:00:00-04:00,34.267970684555124,34.968108278959406,33.73313846104904,34.67638397216797,54400,0.0,0.0,0.0
2025-09-08 00:00:00-04:00,34.28741721699923,35.376526782633874,34.161005694674124,34.78335189819336,50300,0.0,0.0,0.0
2025-09-09 00:00:00-04:00,34.58887076583347,34.58887076583347,33.56783370576862,34.49163055419922,82200,0.0,0.0,0.0
2025-09-10 00:00:00-04:00,34.24852585535266,34.5110788746081,33.25666013021305,33.285831451416016,193800,0.0,0.0,0.0
2025-09-11 00:00:00-04:00,33.66507199191595,34.015142668938914,33.14969222267442,33.30527877807617,42200,0.0,0.0,0.0
2025-09-12 00:00:00-04:00,33.01355560472578,33.71369327377645,32.7510025877782,33.69424819946289,36000,0.0,0.0,0.0
2025-09-15 00:00:00-04:00,33.69424923790378,34.03459369102349,33.412247428475276,33.9567985534668,70200,0.0,0.0,0.0
2025-09-16 00:00:00-04:00,33.64562417004264,33.64562417004264,32.653762169442096,32.83852005004883,110000,0.0,0.0,0.0
2025-09-17 00:00:00-04:00,33.101070664402606,33.21775964845486,32.29396289347442,32.69265365600586,39600,0.0,0.0,0.0
2025-09-18 00:00:00-04:00,32.77045407573336,33.344180261707805,32.56624739330428,32.92604064941406,71700,0.0,0.0,0.0
2025-09-19 00:00:00-04:00,33.003828710863914,33.93735176708476,33.003828710863914,33.75259017944336,64500,0.0,0.0,0.0
2025-09-22 00:00:00-04:00,33.96652546544301,34.30686992522645,33.56783465134967,33.89845657348633,54100,0.0,0.0,0.0
2025-09-23 00:00:00-04:00,33.22748583160516,33.22748583160516,32.011964628351066,32.721832275390625,82200,0.0,0.0,0.0
2025-09-24 00:00:00-04:00,32.43286314637275,32.43286314637275,31.325971895335496,31.903905868530273,88100,0.245,0.0,0.0
2025-09-25 00:00:00-04:00,31.894110661077775,32.099815014775686,31.32597055656106,31.345561981201172,173300,0.0,0.0,0.0
2025-09-26 00:00:00-04:00,31.316174959846876,31.316174959846876,30.189694195657193,30.777423858642578,146100,0.0,0.0,0.0
2025-09-29 00:00:00-04:00,31.13006306237901,32.246746282900745,31.13006306237901,31.94308853149414,116700,0.0,0.0,0.0
2025-09-30 00:00:00-04:00,32.52102111363204,33.10874890268741,32.41327014707938,32.65815734863281,190500,0.0,0.0,0.0
2025-10-01 00:00:00-04:00,32.78550336870635,33.00100158898279,32.42306757987846,32.60918426513672,28800,0.0,0.0,0.0
2025-10-02 00:00:00-04:00,32.68754546604194,33.36343659271489,32.22716002793936,33.29486846923828,64600,0.0,0.0,0.0
2025-10-03 00:00:00-04:00,33.030384429939296,33.030384429939296,32.618972019534816,32.95201873779297,114400,0.0,0.0,0.0
2025-10-06 00:00:00-04:00,32.49163210850176,32.912838394108235,32.285927756000596,32.65815734863281,147600,0.0,0.0,0.0
2025-10-07 00:00:00-04:00,32.87366205454674,33.696483270636406,32.57000055380185,32.58959197998047,69700,0.0,0.0,0.0
2025-10-08 00:00:00-04:00,32.491634246872664,33.363435880591744,32.491634246872664,32.971614837646484,65800,0.0,0.0,0.0
2025-10-09 00:00:00-04:00,32.98141021413217,33.86300573336611,32.32511423390002,33.843414306640625,71400,0.0,0.0,0.0
2025-10-10 00:00:00-04:00,34.36257733603594,35.83190069161298,34.03932440420138,35.81230926513672,110900,0.0,0.0,0.0
2025-10-13 00:00:00-04:00,35.156009250284214,35.498853605608105,34.82296247645436,34.881736755371094,39100,0.0,0.0,0.0
2025-10-14 00:00:00-04:00,35.91025930668302,35.91025930668302,34.5584808995422,34.90132522583008,56700,0.0,0.0,0.0
2025-10-15 00:00:00-04:00,34.245024935842764,35.459667084344495,34.11768628305468,34.93070983886719,23700,0.0,0.0,0.0
2025-10-16 00:00:00-04:00,34.63684900238828,36.23351472341519,34.63684900238828,35.79271697998047,21600,0.0,0.0,0.0
2025-10-17 00:00:00-04:00,35.57721408779663,35.64578220866026,35.11682493055598,35.24416732788086,31900,0.0,0.0,0.0
2025-10-20 00:00:00-04:00,34.86214441649048,34.999280660357265,34.391961407511886,34.50950622558594,26800,0.0,0.0,0.0
2025-10-21 00:00:00-04:00,34.31359658056121,34.920919585597375,34.16666648838729,34.70541763305664,60700,0.0,0.0,0.0
2025-10-22 00:00:00-04:00,34.19605077757272,34.744599487978675,33.52995724946634,33.804229736328125,78900,0.0,0.0,0.0
2025-10-23 00:00:00-04:00,32.73652486101998,33.30466505856799,32.472049926776904,32.87366485595703,83900,0.0,0.0,0.0
2025-10-24 00:00:00-04:00,32.5797913996393,33.61811447143555,32.5797913996393,33.61811447143555,19400,0.0,0.0,0.0
2025-10-27 00:00:00-04:00,33.47118213503878,33.608322111721684,33.25568393075879,33.432003021240234,11000,0.0,0.0,0.0
2025-10-28 00:00:00-04:00,33.7454540614256,34.196045574621415,33.51036072511197,34.16666030883789,18600,0.0,0.0,0.0
2025-10-29 00:00:00-04:00,33.94136844304371,34.00993656218664,33.40261359737456,33.686683654785156,11900,0.0,0.0,0.0
2025-10-30 00:00:00-04:00,33.74545884946481,34.10789088005261,33.255684421277174,34.05891418457031,8400,0.0,0.0,0.0
2025-10-31 00:00:00-04:00,33.94136736860422,34.23523126086893,33.24588488166978,33.61811447143555,45600,0.0,0.0,0.0
2025-11-03 00:00:00-05:00,33.667092025565594,34.323391680544056,33.44179624450798,33.6377067565918,63600,0.0,0.0,0.0
2025-11-04 00:00:00-05:00,34.3527787309672,34.940506561014544,34.18625721590401,34.382164001464844,34200,0.0,0.0,0.0
2025-11-05 00:00:00-05:00,34.15686588744997,34.24502542963406,33.451593286659424,34.196048736572266,29500,0.0,0.0,0.0
2025-11-06 00:00:00-05:00,33.83362235552279,33.83362235552279,32.9128439312955,33.57893753051758,34900,0.0,0.0,0.0
2025-11-07 00:00:00-05:00,33.392825001590516,33.47118697720626,32.47205030217927,32.618980407714844,28500,0.0,0.0,0.0
2025-11-10 00:00:00-05:00,32.403479630858634,33.24588855190129,31.874522324377814,32.03125,87300,0.0,0.0,0.0
2025-11-11 00:00:00-05:00,31.6002438622986,31.6002438622986,30.757833132288944,31.18883514404297,41400,0.0,0.0,0.0
2025-11-12 00:00:00-05:00,31.335766614334702,32.129200637595375,31.335766614334702,32.099815368652344,25800,0.0,0.0,0.0
2025-11-13 00:00:00-05:00,31.649224624427433,32.1683843181347,31.335767423657476,31.94308853149414,31800,0.0,0.0,0.0
2025-11-14 00:00:00-05:00,31.55126734906044,32.28592898160928,30.718652326844673,30.885175704956055,44800,0.0,0.0,0.0
2025-11-17 00:00:00-05:00,31.21822056310996,32.21735890268946,31.04190148308386,31.982269287109375,37000,0.0,0.0,0.0
2025-11-18 00:00:00-05:00,32.276136490838084,32.403478892091115,31.345564303248892,31.53167724609375,36800,0.0,0.0,0.0
2025-11-19 00:00:00-05:00,32.78550353342612,33.02059318157838,32.197771939680315,32.30552291870117,76900,0.0,0.0,0.0
2025-11-20 00:00:00-05:00,31.88431399602208,33.10875004607425,31.14965236599078,33.07936477661133,57200,0.0,0.0,0.0
2025-11-21 00:00:00-05:00,33.04018484603697,33.54955073627429,32.423067976003715,32.70713806152344,36300,0.0,0.0,0.0
2025-11-24 00:00:00-05:00,32.922635356459054,33.85320745222333,32.6679505790842,32.863861083984375,63900,0.0,0.0,0.0
2025-11-25 00:00:00-05:00,33.48097988850906,33.745458525593946,33.04018216003426,33.30466079711914,65300,0.0,0.0,0.0
2025-11-26 00:00:00-05:00,33.30466311676825,33.30466311676825,32.325114201569185,32.78550338745117,58200,0.0,0.0,0.0
2025-11-28 00:00:00-05:00,32.775701410544755,32.775701410544755,31.71779066707023,31.982269287109375,13300,0.0,0.0,0.0
2025-12-01 00:00:00-05:00,31.796154410218023,31.796154410218023,31.0419032242914,31.365154266357422,31300,0.0,0.0,0.0
2025-12-02 00:00:00-05:00,31.306378275949676,32.47204372173085,31.306378275949676,32.15858840942383,52000,0.0,0.0,0.0
2025-12-03 00:00:00-05:00,31.72758578408329,31.72758578408329,30.885175066642955,31.00271987915039,59800,0.0,0.0,0.0
2025-12-04 00:00:00-05:00,31.002718562421865,31.13985666231091,30.650082271535393,30.70885467529297,13500,0.0,0.0,0.0
2025-12-05 00:00:00-05:00,30.855787501103176,31.0125151611653,30.023170639309953,30.992923736572266,15000,0.0,0.0,0.0
2025-12-08 00:00:00-05:00,31.139858285126763,31.884313753761834,31.090879722492136,31.75697135925293,36400,0.0,0.0,0.0
2025-12-09 00:00:00-05:00,31.649224081231356,31.649224081231356,30.855788182754907,31.31617546081543,17200,0.0,0.0,0.0
2025-12-10 00:00:00-05:00,31.286792054799786,31.306381612651094,30.561926100746774,30.69906234741211,19200,0.0,0.0,0.0
2025-12-11 00:00:00-05:00,30.904766512310534,31.061494184128293,30.630494020800068,30.914562225341797,14100,0.0,0.0,0.0
2025-12-12 00:00:00-05:00,30.816604122016336,31.668814262089672,30.65987646464919,31.551265716552734,39200,0.0,0.0,0.0
2025-12-15 00:00:00-05:00,32.15858647574596,32.530812301302525,32.01165267213869,32.07042694091797,27000,0.0,0.0,0.0
2025-12-16 00:00:00-05:00,32.83447930754912,34.02953015150229,32.83447930754912,34.00014114379883,39400,0.0,0.0,0.0
2025-12-17 00:00:00-05:00,33.53975666833019,33.53975666833019,32.42306776060395,32.481842041015625,25300,0.0,0.0,0.0
2025-12-18 00:00:00-05:00,32.67774784318197,33.59852234961295,32.67774784318197,33.4711799621582,36800,0.0,0.0,0.0
2025-12-19 00:00:00-05:00,33.16752686310415,33.56914176882723,32.94223106103341,33.49077606201172,17400,0.0,0.0,0.0
2025-12-22 00:00:00-05:00,33.03038975087137,33.03038975087137,32.46224960133326,32.76591110229492,16000,0.0,0.0,0.0
2025-12-23 00:00:00-05:00,32.58959022704439,32.765909316485605,32.36429444313224,32.374088287353516,5400,0.0,0.0,0.0
2025-12-24 00:00:00-05:00,32.44134380875432,32.629268646240234,32.34243877964542,32.629268646240234,4900,0.318,0.0,0.0
2025-12-26 00:00:00-05:00,32.70839423320803,33.133692679893244,32.70839423320803,32.84686279296875,13000,0.0,0.0,0.0
2025-12-29 00:00:00-05:00,32.4215635725771,32.67872269712612,32.1149557041339,32.32265853881836,32000,0.0,0.0,0.0
2025-12-30 00:00:00-05:00,31.9270300707878,31.99626434730928,31.620420323410166,31.79845428466797,33100,0.0,0.0,0.0
2025-12-31 00:00:00-05:00,31.867691996497868,32.34244298938791,31.867691996497868,32.154518127441406,9300,0.0,0.0,0.0
2026-01-02 00:00:00-05:00,32.25342498580368,32.25342498580368,30.661029004780964,30.858842849731445,26700,0.0,0.0,0.0
2026-01-05 00:00:00-05:00,29.325788612979053,30.63135463381028,28.593880446346173,29.207101821899414,51600,0.0,0.0,0.0
2026-01-06 00:00:00-05:00,29.15764916103742,30.839061189157295,29.13786739917892,30.740154266357422,75800,0.0,0.0,0.0
2026-01-07 00:00:00-05:00,30.54233917885663,31.491842958037324,30.54233917885663,31.44239044189453,56800,0.0,0.0,0.0
2026-01-08 00:00:00-05:00,31.224796049455197,31.32370297205399,29.058742179161428,29.44447898864746,53200,0.0,0.0,0.0
2026-01-09 00:00:00-05:00,29.157649202223944,29.454369971042688,29.137867440337498,29.325790405273438,31800,0.0,0.0,0.0
2026-01-12 00:00:00-05:00,29.276337506722946,30.028027470208905,29.177430585068258,29.74119758605957,22000,0.0,0.0,0.0
2026-01-13 00:00:00-05:00,29.385131618336064,29.385131618336064,28.435629756336535,28.900489807128906,63300,0.0,0.0,0.0
2026-01-14 00:00:00-05:00,28.475195023081287,28.475195023081287,26.902580817041066,27.664159774780273,78800,0.0,0.0,0.0
2026-01-15 00:00:00-05:00,28.15869138765763,28.494973776115152,27.614706169766514,28.188364028930664,70200,0.0,0.0,0.0
2026-01-16 00:00:00-05:00,28.247708154135356,28.267489915494664,27.980661921755043,28.079566955566406,36200,0.0,0.0,0.0
2026-01-20 00:00:00-05:00,27.723504605878,28.267489836286575,27.545472527128254,28.168582916259766,12600,0.0,0.0,0.0
2026-01-21 00:00:00-05:00,27.31798783383107,27.31798783383107,26.506952601708257,26.872907638549805,32800,0.0,0.0,0.0
2026-01-22 00:00:00-05:00,26.961923200033233,27.100391753226916,26.595968169673796,26.68498420715332,63200,0.0,0.0,0.0
2026-01-23 00:00:00-05:00,26.101435733486706,26.447609006503583,25.666248308572563,26.38826560974121,21900,0.0,0.0,0.0
2026-01-26 00:00:00-05:00,25.616795146847235,26.576189854527687,25.616795146847235,26.378376007080078,12000,0.0,0.0,0.0
2026-01-27 00:00:00-05:00,25.76515505887181,26.368485606742023,25.76515505887181,25.873952865600586,32900,0.0,0.0,0.0
2026-01-28 00:00:00-05:00,25.57723431081685,25.745375520468887,25.43876385866694,25.51788902282715,43500,0.0,0.0,0.0
2026-01-29 00:00:00-05:00,24.479368983345477,25.033245086669922,23.925492880021036,25.033245086669922,34700,0.0,0.0,0.0
2026-01-30 00:00:00-05:00,25.23105942394978,25.66624874271773,24.4991512298584,24.4991512298584,27300,0.0,0.0,0.0
2026-02-02 00:00:00-05:00,25.50799944079714,25.72559316560556,25.053028342479763,25.47832679748535,61700,0.0,0.0,0.0
2026-02-03 00:00:00-05:00,25.300295000536508,25.300295000536508,23.757353374002545,23.856260299682617,28300,0.0,0.0,0.0
2026-02-04 00:00:00-05:00,23.69800780258535,23.69800780258535,22.708942330627846,22.797958374023438,41600,0.0,0.0,0.0
2026-02-05 00:00:00-05:00,23.302379646640492,23.8859283673038,23.144129337968323,23.272708892822266,61200,0.0,0.0,0.0
2026-02-06 00:00:00-05:00,23.055116006070634,23.07489776859661,22.27375525122153,22.41222381591797,78800,0.0,0.0,0.0
2026-02-09 00:00:00-05:00,22.50123823912002,22.52102000022032,22.046269052768533,22.085830688476562,51200,0.0,0.0,0.0
2026-02-10 00:00:00-05:00,21.957253620160184,22.313315897327303,21.957253620160184,22.125394821166992,10100,0.0,0.0,0.0
2026-02-11 00:00:00-05:00,21.591297018727822,21.591297018727822,20.90884138308943,20.987966537475586,27600,0.0,0.0,0.0
2026-02-12 00:00:00-05:00,21.106655806589107,21.907798253117793,20.879171217135315,21.779220581054688,43000,0.0,0.0,0.0
2026-02-13 00:00:00-05:00,21.848455790122895,21.848455790122895,21.324250426115572,21.46272087097168,17800,0.0,0.0,0.0
2026-02-17 00:00:00-05:00,21.245125389389766,22.412222920918282,21.096765949354857,22.00670623779297,97900,0.0,0.0,0.0
2026-02-18 00:00:00-05:00,21.324249458984543,21.54184505396428,21.07698310941123,21.116546630859375,41300,0.0,0.0,0.0
2026-02-19 00:00:00-05:00,20.720921720534207,20.95829719973146,20.30551416031586,20.8297176361084,52600,0.0,0.0,0.0
2026-02-20 00:00:00-05:00,21.027533205933825,21.334142989270976,20.85939199187937,21.037424087524414,34200,0.0,0.0,0.0
2026-02-23 00:00:00-05:00,20.948408214703854,21.03742426327001,20.275843352867454,20.859392166137695,19100,0.0,0.0,0.0
2026-02-24 00:00:00-05:00,20.90884275649615,21.3737047197304,20.869281119950692,20.889062881469727,21000,0.0,0.0,0.0
2026-02-25 00:00:00-05:00,20.77037526100796,21.52206525873785,20.77037526100796,21.086875915527344,8900,0.0,0.0,0.0
2026-02-26 00:00:00-05:00,21.492393411126564,21.70998903403899,20.503327885867254,20.948408126831055,22600,0.0,0.0,0.0
2026-02-27 00:00:00-05:00,20.57256090193333,20.968188596829965,20.15715333148599,20.295623779296875,40700,0.0,0.0,0.0
2026-03-02 00:00:00-05:00,18.88125934055349,20.04835685788567,18.88125934055349,19.504369735717773,259900,0.0,0.0,0.0
2026-03-03 00:00:00-05:00,19.286776951397297,20.176935510317094,19.108744862314797,19.850543975830078,215000,0.0,0.0,0.0
2026-03-04 00:00:00-05:00,20.246168272155074,20.681357580957684,19.979122045076085,20.097808837890625,84100,0.0,0.0,0.0
2026-03-05 00:00:00-05:00,19.969231319303574,20.087918113037635,19.54393288768929,19.919776916503906,76000,0.0,0.0,0.0
2026-03-06 00:00:00-05:00,19.46480840395954,20.12748233248941,19.336228838719002,19.870325088500977,100100,0.0,0.0,0.0
2026-03-09 00:00:00-04:00,19.751636905178152,20.315405811968205,19.46480889769909,19.998903274536133,193100,0.0,0.0,0.0
2026-03-10 00:00:00-04:00,20.40441820368435,20.711029833430597,19.989010663650184,20.542888641357422,150700,0.0,0.0,0.0
2026-03-11 00:00:00-04:00,20.65168547087284,20.65168547087284,19.484589841202066,19.534042358398438,126100,0.0,0.0,0.0
2026-03-12 00:00:00-04:00,19.573605563305303,19.573605563305303,18.713117818024905,19.168087005615234,144500,0.0,0.0,0.0
2026-03-13 00:00:00-04:00,19.227433677283088,19.445027406211263,18.930712898025345,19.069183349609375,68300,0.0,0.0,0.0
2026-03-16 00:00:00-04:00,19.01972713484992,19.346118640456815,18.831806067661955,18.95049285888672,99700,0.0,0.0,0.0
2026-03-17 00:00:00-04:00,18.75268132032475,18.83180837281705,18.218586921451077,18.53508758544922,118600,0.0,0.0,0.0
2026-03-18 00:00:00-04:00,18.48563372894271,18.604320526123047,18.287819884985307,18.604320526123047,75200,0.0,0.0,0.0
2026-03-19 00:00:00-04:00,18.357054718069893,18.495525167613383,17.803178579373988,18.010881423950195,218400,0.0,0.0,0.0
2026-03-20 00:00:00-04:00,17.892193959055806,18.070226040080062,17.457004637273474,18.060335159301758,169200,0.0,0.0,0.0
2026-03-23 00:00:00-04:00,18.614212363470067,18.802135336236844,17.526239938783647,17.625146865844727,321800,0.0,0.0,0.0
2026-03-24 00:00:00-04:00,17.555911289021452,17.555911289021452,16.56684586428785,16.942689895629883,186900,0.0,0.0,0.0
2026-03-25 00:00:00-04:00,17.21502947497366,17.21502947497366,16.84727297206746,17.06593894958496,163300,0.084,0.0,0.0
2026-03-26 00:00:00-04:00,16.98642414461911,17.065939219134922,16.360241273991814,16.529211044311523,134000,0.0,0.0,0.0
2026-03-27 00:00:00-04:00,16.529211233233667,16.529211233233667,15.903030251238294,15.97260570526123,107400,0.0,0.0,0.0
2026-03-30 00:00:00-04:00,15.724120585616802,16.38012042047091,15.555150816288386,16.310544967651367,151900,0.0,0.0,0.0
2026-03-31 00:00:00-04:00,16.30060493755963,17.304483907120424,15.863272041257833,16.718059539794922,240900,0.0,0.0,0.0
2026-04-01 00:00:00-04:00,17.56290903094472,18.268605085206573,17.06593933781758,17.94060516357422,326600,0.0,0.0,0.0
2026-04-02 00:00:00-04:00,17.06594043498884,17.930668590770665,16.728000870273096,17.78157615661621,130100,0.0,0.0,0.0
2026-04-06 00:00:00-04:00,17.880969764201218,17.94060559799964,17.523150969832766,17.533090591430664,82700,0.0,0.0,0.0
2026-04-07 00:00:00-04:00,17.41381951177474,17.443636481786168,16.89697054596754,17.254789352416992,136400,0.0,0.0,0.0
2026-04-08 00:00:00-04:00,19.183030446258325,19.511030385841757,18.37794003015154,18.4475154876709,336200,0.0,0.0,0.0
2026-04-09 00:00:00-04:00,18.407758828650692,19.033939839827852,17.871030622679676,18.934545516967773,146500,0.0,0.0,0.0
2026-04-10 00:00:00-04:00,19.073697752989137,19.511029727143228,18.924607221082564,19.212848663330078,71300,0.0,0.0,0.0
2026-04-13 00:00:00-04:00,18.7556381531032,19.391758790972798,18.696000421461143,19.063758850097656,106500,0.0,0.0,0.0
2026-04-14 00:00:00-04:00,19.50109246791453,20.196848932053616,19.50109246791453,19.908607482910156,110800,0.0,0.0,0.0
2026-04-15 00:00:00-04:00,20.087514067538464,20.276363081572047,19.709817935260233,20.0179386138916,50900,0.0,0.0,0.0
2026-04-16 00:00:00-04:00,19.958303762253482,19.958303762253482,19.282424643693286,19.42157745361328,74400,0.0,0.0,0.0
2026-04-17 00:00:00-04:00,20.92242346056426,21.61818179385446,20.455272628422456,20.544727325439453,179400,0.0,0.0,0.0
2026-04-20 00:00:00-04:00,20.296242098825342,20.673938226908273,20.017938391540245,20.465211868286133,59000,0.0,0.0,0.0
2026-04-21 00:00:00-04:00,20.3558780134469,20.50496854104036,19.82909135623075,19.88872718811035,42400,0.0,0.0,0.0
2026-04-22 00:00:00-04:00,19.640241949987654,19.640241949987654,19.292362795380864,19.411636352539062,84700,0.0,0.0,0.0
2026-04-23 00:00:00-04:00,19.252607197335873,19.461333563364892,18.994182723355443,19.123394012451172,52100,0.0,0.0,0.0
2026-04-24 00:00:00-04:00,19.252607578539934,19.66012259286551,19.173092500032237,19.202909469604492,83800,0.0,0.0,0.0
2026-04-27 00:00:00-04:00,19.093575900672757,19.371879628809204,18.70594012230942,19.282424926757812,44700,0.0,0.0,0.0
2026-04-28 00:00:00-04:00,18.765574411821593,18.87490834882661,18.437574496595435,18.65624237060547,92700,0.0,0.0,0.0
2026-04-29 00:00:00-04:00,18.29842512568606,18.35806096187441,17.761698808412795,17.78157615661621,75400,0.0,0.0,0.0
2026-04-30 00:00:00-04:00,18.278545851554057,18.427638285462674,17.34424413491727,17.47345542907715,305700,0.0,0.0,0.0
2026-05-01 00:00:00-04:00,17.771634783947096,18.238787492805898,17.493332978624096,17.91078758239746,392200,0.0,0.0,0.0
2026-05-04 00:00:00-04:00,18.03005917058302,18.258666661479804,17.51321215029311,17.602664947509766,424900,0.0,0.0,0.0
2026-05-05 00:00:00-04:00,17.73187899783044,17.85115066385343,17.39393945111705,17.582788467407227,88200,0.0,0.0,0.0
2026-05-06 00:00:00-04:00,18.77551488694496,19.212848759067246,18.527030033932817,19.033939361572266,613900,0.0,0.0,0.0
2026-05-07 00:00:00-04:00,19.67999902238262,20.23660644175423,19.640242432878317,19.70981788635254,185800,0.0,0.0,0.0
2026-05-08 00:00:00-04:00,19.72969722296657,20.047757523671514,19.540848208502158,19.928483963012695,73000,0.0,0.0,0.0
2026-05-11 00:00:00-04:00,19.44145446756382,19.50109219755761,18.855030059814453,18.855030059814453,116300,0.0,0.0,0.0
2026-05-12 00:00:00-04:00,18.566787478855453,18.835151560043546,18.447513921953345,18.616483688354492,86700,0.0,0.0,0.0
2026-05-13 00:00:00-04:00,18.745698602854738,18.98424384296814,18.536970332887357,18.57672882080078,61600,0.0,0.0,0.0
2026-05-14 00:00:00-04:00,18.695999138475308,18.695999138475308,18.228848314071,18.298423767089844,91500,0.0,0.0,0.0
2026-05-15 00:00:00-04:00,18.01018255690227,18.04993914663894,17.453575134277344,17.453575134277344,93700,0.0,0.0,0.0
2026-05-18 00:00:00-04:00,17.652364567605606,17.851151316845154,16.728000591064095,16.817455291748047,326300,0.0,0.0,0.0
2026-05-19 00:00:00-04:00,16.688243817083663,16.8671513207066,16.310545774816458,16.3801212310791,256900,0.0,0.0,0.0
2026-05-20 00:00:00-04:00,16.62860625323959,17.25478915745073,16.20121199387399,17.215030670166016,547500,0.0,0.0,0.0
2026-05-21 00:00:00-04:00,16.88703054209459,17.81139450732301,16.797575842505452,17.57284927368164,79100,0.0,0.0,0.0
2026-05-22 00:00:00-04:00,17.682182446452476,17.741818278317833,17.324363663682508,17.413818359375,60200,0.0,0.0,0.0
2026-05-26 00:00:00-04:00,17.781576035461665,18.358060836791992,17.354181771480913,18.358060836791992,112600,0.0,0.0,0.0
2026-05-27 00:00:00-04:00,18.884849303432247,19.20290961995328,18.596605956716918,18.934545516967773,110700,0.0,0.0,0.0
2026-05-28 00:00:00-04:00,18.55684852672838,19.10351443407929,18.467393829774387,18.954423904418945,151000,0.0,0.0,0.0
2026-05-29 00:00:00-04:00,19.163152163294885,19.580606783832906,19.11345405621361,19.351999282836914,188600,0.0,0.0,0.0
2026-06-01 00:00:00-04:00,18.9444835567023,19.014059008157123,18.358059186170426,18.7059383392334,171500,0.0,0.0,0.0
2026-06-02 00:00:00-04:00,18.825213640719813,18.825213640719813,18.169213757930283,18.268606185913086,55800,0.0,0.0,0.0
2026-06-03 00:00:00-04:00,18.189091179516538,18.189091179516538,17.403879999704582,17.78157615661621,78900,0.0,0.0,0.0
2026-06-04 00:00:00-04:00,17.910787856118958,18.099634970963088,17.63248415075392,17.771635055541992,64800,0.0,0.0,0.0
2026-06-05 00:00:00-04:00,17.77163536226656,18.46739368979296,17.77163536226656,18.427637100219727,51700,0.0,0.0,0.0
2026-06-08 00:00:00-04:00,18.179152238645777,18.179152238645777,17.672242925441964,18.030059814453125,33600,0.0,0.0,0.0
2026-06-09 00:00:00-04:00,18.16921272484871,18.964363478234,18.16921272484871,18.646303176879883,174700,0.0,0.0,0.0
2026-06-10 00:00:00-04:00,18.308364157507228,18.328243400858884,17.572849215596914,18.059879302978516,117600,0.0,0.0,0.0
2026-06-11 00:00:00-04:00,17.71199894503115,18.795392990112305,17.662302735758715,18.795392990112305,131400,0.0,0.0,0.0
2026-06-12 00:00:00-04:00,18.994181557838974,19.13333245998644,18.149332732396086,18.487272262573242,96000,0.0,0.0,0.0
2026-06-15 00:00:00-04:00,20.087513538210935,20.11733240146909,19.491151439358923,19.80921173095703,161500,0.0,0.0,0.0
2026-06-16 00:00:00-04:00,20.206788306211514,20.21672792789313,19.898667617237383,19.958303451538086,69200,0.0,0.0,0.0
2026-06-17 00:00:00-04:00,19.92848411269325,20.544727371779313,19.92848411269325,20.455272674560547,104100,0.0,0.0,0.0
2026-06-18 00:00:00-04:00,20.823031562084655,21.518788017099965,20.823031562084655,21.151031494140625,106400,0.0,0.0,0.0
2026-06-22 00:00:00-04:00,21.05163639518716,21.260362755241093,20.594423294067383,20.594423294067383,170800,0.0,0.0,0.0
2026-06-23 00:00:00-04:00,20.534787166835784,20.75345314505216,20.246545736268242,20.33599853515625,53900,0.0,0.0,0.0
2026-06-24 00:00:00-04:00,20.959999084472656,21.450000762939453,20.8799991607666,21.010000228881836,131400,0.124,0.0,0.0
2026-06-25 00:00:00-04:00,21.25,21.40999984741211,20.450000762939453,20.59000015258789,86100,0.0,0.0,0.0
2026-06-26 00:00:00-04:00,20.649999618530273,20.8799991607666,20.579999923706055,20.780000686645508,93800,0.0,0.0,0.0
2026-06-29 00:00:00-04:00,20.690000534057617,21.079999923706055,20.549999237060547,20.989999771118164,32600,0.0,0.0,0.0
2026-06-30 00:00:00-04:00,20.899999618530273,21.3799991607666,20.59000015258789,21.350000381469727,55100,0.0,0.0,0.0
2026-07-01 00:00:00-04:00,21.450000762939453,21.760000228881836,21.170000076293945,21.639999389648438,72800,0.0,0.0,0.0
2026-07-02 00:00:00-04:00,21.389999389648438,21.559999465942383,20.989999771118164,21.309999465942383,34200,0.0,0.0,0.0
2026-07-06 00:00:00-04:00,21.5,21.5,21.06999969482422,21.389999389648438,31100,0.0,0.0,0.0
2026-07-07 00:00:00-04:00,20.979999542236328,21.0,20.049999237060547,20.15999984741211,60000,0.0,0.0,0.0
2026-07-08 00:00:00-04:00,19.549999237060547,20.010000228881836,19.200000762939453,19.459999084472656,137100,0.0,0.0,0.0
2026-07-09 00:00:00-04:00,19.700000762939453,20.079999923706055,19.68000030517578,20.040000915527344,34500,0.0,0.0,0.0
2026-07-10 00:00:00-04:00,19.889999389648438,20.309999465942383,19.75,19.850000381469727,19500,0.0,0.0,0.0
2026-07-13 00:00:00-04:00,19.329999923706055,19.329999923706055,18.510000228881836,18.65999984741211,45900,0.0,0.0,0.0
2026-07-14 00:00:00-04:00,18.5,18.950000762939453,18.389999389648438,18.520000457763672,59900,0.0,0.0,0.0
2026-07-15 00:00:00-04:00,18.540000915527344,19.229999542236328,18.510000228881836,18.860000610351562,30000,0.0,0.0,0.0
2026-07-16 00:00:00-04:00,18.670000076293945,18.670000076293945,18.350000381469727,18.479999542236328,38300,0.0,0.0,0.0
2026-07-17 00:00:00-04:00,17.979999542236328,18.309999465942383,17.8700008392334,18.040000915527344,24400,0.0,0.0,0.0
2026-07-20 00:00:00-04:00,18.239999771118164,18.239999771118164,17.649999618530273,17.920000076293945,163600,0.0,0.0,0.0
2026-07-21 00:00:00-04:00,17.8700008392334,17.950000762939453,17.579999923706055,17.579999923706055,20400,0.0,0.0,0.0
2026-07-22 00:00:00-04:00,17.15999984741211,17.260000228881836,16.979999542236328,17.170000076293945,51200,0.0,0.0,0.0
2026-07-23 00:00:00-04:00,16.6299991607666,17.1200008392334,16.5,17.040000915527344,201900,0.0,0.0,0.0
2026-07-24 00:00:00-04:00,17.06999969482422,17.06999969482422,16.5,16.950000762939453,55400,0.0,0.0,0.0
2026-07-27 00:00:00-04:00,17.700000762939453,17.729999542236328,17.18000030517578,17.6299991607666,59000,0.0,0.0,0.0
2026-07-28 00:00:00-04:00,17.6200008392334,18.270000457763672,17.5,18.149999618530273,66500,0.0,0.0,0.0
2026-07-29 00:00:00-04:00,17.260000228881836,17.549999237060547,17.100000381469727,17.459999084472656,39300,0.0,0.0,0.0
2026-07-30 00:00:00-04:00,17.760000228881836,17.81999969482422,17.200000762939453,17.280000686645508,38100,0.0,0.0,0.0
2026-07-31 00:00:00-04:00,17.219999313354492,17.610000610351562,16.8799991607666,16.959999084472656,68500,0.0,0.0,0.0
2026-08-03 00:00:00-04:00,17.520000457763672,17.719999313354492,17.170000076293945,17.3799991607666,43100,0.0,0.0,0.0
2026-08-04 00:00:00-04:00,17.93000030517578,18.309999465942383,17.450000762939453,17.540000915527344,129600,0.0,0.0,0.0
2026-08-05 00:00:00-04:00,17.440000534057617,18.31999969482422,17.31999969482422,18.290000915527344,112700,0.0,0.0,0.0
2026-08-06 00:00:00-04:00,17.649999618530273,18.100000381469727,17.5,17.729999542236328,79200,0.0,0.0,0.0
2026-08-07 00:00:00-04:00,18.100000381469727,18.389999389648438,17.850000381469727,18.170000076293945,57400,0.0,0.0,0.0
2026-08-10 00:00:00-04:00,17.709999084472656,17.709999084472656,16.459999084472656,16.459999084472656,171600,0.0,0.0,0.0
2026-08-11 00:00:00-04:00,16.510000228881836,16.510000228881836,15.989999771118164,16.09000015258789,89100,0.0,0.0,0.0
2026-08-12 00:00:00-04:00,16.3700008392334,16.3700008392334,15.949999809265137,16.030000686645508,68200,0.0,0.0,0.0
2026-08-13 00:00:00-04:00,16.260000228881836,16.440000534057617,15.979999542236328,16.020000457763672,83400,0.0,0.0,0.0
2026-08-14 00:00:00-04:00,15.930000305175781,15.930000305175781,15.479999542236328,15.579999923706055,90000,0.0,0.0,0.0
2026-08-17 00:00:00-04:00,15.449999809265137,15.600000381469727,15.1899995803833,15.229999542236328,113300,0.0,0.0,0.0
2026-08-18 00:00:00-04:00,14.850000381469727,14.970000267028809,14.699999809265137,14.710000038146973,219800,0.0,0.0,0.0
2026-08-19 00:00:00-04:00,14.619999885559082,14.829999923706055,14.479999542236328,14.779999732971191,512400,0.0,0.0,0.0
2026-08-20 00:00:00-04:00,14.5,14.699999809265137,14.25,14.680000305175781,322900,0.0,0.0,0.0
2026-08-21 00:00:00-04:00,14.649999618530273,14.869999885559082,14.430000305175781,14.760000228881836,49600,0.0,0.0,0.0
2026-08-24 00:00:00-04:00,14.970000267028809,15.239999771118164,14.739999771118164,15.0,136000,0.0,0.0,0.0
2026-08-25 00:00:00-04:00,15.40999984741211,15.520000457763672,15.149999618530273,15.520000457763672,179100,0.0,0.0,0.0
2026-08-26 00:00:00-04:00,15.779999732971191,15.850000381469727,15.039999961853027,15.329999923706055,107200,0.0,0.0,0.0
2026-08-27 00:00:00-04:00,15.390000343322754,15.739999771118164,15.1899995803833,15.380000114440918,84200,0.0,0.0,0.0
2026-08-28 00:00:00-04:00,15.319999694824219,15.460000038146973,15.199999809265137,15.229999542236328,222000,0.0,0.0,0.0
2026-08-31 00:00:00-04:00,14.710000038146973,14.979999542236328,14.380000114440918,14.609999656677246,184800,0.0,0.0,0.0
2026-09-01 00:00:00-04:00,14.199999809265137,14.550000190734863,14.199999809265137,14.239999771118164,95400,0.0,0.0,0.0
2026-09-02 00:00:00-04:00,14.359999656677246,14.4399995803833,13.989999771118164,14.100000381469727,111100,0.0,0.0,0.0
2026-09-03 00:00:00-04:00,14.079999923706055,14.319999694824219,13.90999984741211,14.3100004196167,126000,0.0,0.0,0.0
2026-09-04 00:00:00-04:00,14.510000228881836,14.84000015258789,14.460000038146973,14.550000190734863,173500,0.0,0.0,0.0
2026-09-08 00:00:00-04:00,14.279999732971191,14.449999809265137,14.039999961853027,14.25,109800,0.0,0.0,0.0
2026-09-09 00:00:00-04:00,13.9399995803833,14.130000114440918,13.75,14.020000457763672,154200,0.0,0.0,0.0
2026-09-10 00:00:00-04:00,13.699999809265137,14.420000076293945,13.680000305175781,14.15999984741211,171500,0.0,0.0,0.0
2026-09-11 00:00:00-04:00,14.260000228881836,14.279999732971191,13.859999656677246,14.109999656677246,155700,0.0,0.0,0.0
